"OutcomeGroup","Year","StudyGroup","NumDiagnosisColsUsed","TotalClaimsRaw","TotalBenes","TotalClaims"
"ami",2002,"NY Border",2,899,72468,899
"ami",2002,"NY Border",25,1023,72468,1023
"ami",2002,"NY Mid",2,416,31978,416
"ami",2002,"NY Mid",25,488,31978,488
"ami",2002,"NY Northeastern",2,174,13356,174
"ami",2002,"NY Northeastern",25,189,13356,189
"ami",2002,"PA Border",2,317,23027,317
"ami",2002,"PA Border",25,373,23027,373
"ami",2002,"PA Mid",2,986,54997,986
"ami",2002,"PA Mid",25,1140,54997,1140
"ami",2002,"PA Southern",2,672,43222,672
"ami",2002,"PA Southern",25,775,43222,775
"ami",2003,"NY Border",2,856,72791,856
"ami",2003,"NY Border",25,972,72791,972
"ami",2003,"NY Mid",2,447,32444,447
"ami",2003,"NY Mid",25,510,32444,510
"ami",2003,"NY Northeastern",2,149,13447,149
"ami",2003,"NY Northeastern",25,166,13447,166
"ami",2003,"PA Border",2,324,23290,324
"ami",2003,"PA Border",25,380,23290,380
"ami",2003,"PA Mid",2,903,54657,903
"ami",2003,"PA Mid",25,1061,54657,1061
"ami",2003,"PA Southern",2,715,44214,715
"ami",2003,"PA Southern",25,803,44214,803
"ami",2004,"NY Border",2,890,72989,890
"ami",2004,"NY Border",25,1043,72989,1043
"ami",2004,"NY Mid",2,444,32644,444
"ami",2004,"NY Mid",25,521,32644,521
"ami",2004,"NY Northeastern",2,131,13645,131
"ami",2004,"NY Northeastern",25,155,13645,155
"ami",2004,"PA Border",2,231,23617,231
"ami",2004,"PA Border",25,273,23617,273
"ami",2004,"PA Mid",2,850,54534,850
"ami",2004,"PA Mid",25,985,54534,985
"ami",2004,"PA Southern",2,647,45247,647
"ami",2004,"PA Southern",25,768,45247,768
"ami",2005,"NY Border",2,844,73532,844
"ami",2005,"NY Border",25,978,73532,978
"ami",2005,"NY Mid",2,343,32937,343
"ami",2005,"NY Mid",25,414,32937,414
"ami",2005,"NY Northeastern",2,140,13815,140
"ami",2005,"NY Northeastern",25,168,13815,168
"ami",2005,"PA Border",2,265,23964,265
"ami",2005,"PA Border",25,300,23964,300
"ami",2005,"PA Mid",2,863,54401,863
"ami",2005,"PA Mid",25,1038,54401,1038
"ami",2005,"PA Southern",2,629,46385,629
"ami",2005,"PA Southern",25,791,46385,791
"ami",2006,"NY Border",2,745,73993,745
"ami",2006,"NY Border",25,894,73993,894
"ami",2006,"NY Mid",2,303,33334,303
"ami",2006,"NY Mid",25,376,33334,376
"ami",2006,"NY Northeastern",2,164,13935,164
"ami",2006,"NY Northeastern",25,206,13935,206
"ami",2006,"PA Border",2,232,24435,232
"ami",2006,"PA Border",25,287,24435,287
"ami",2006,"PA Mid",2,775,54150,775
"ami",2006,"PA Mid",25,935,54150,935
"ami",2006,"PA Southern",2,648,47582,648
"ami",2006,"PA Southern",25,820,47582,820
"ami",2007,"NY Border",2,742,74703,742
"ami",2007,"NY Border",25,857,74703,857
"ami",2007,"NY Mid",2,326,34118,326
"ami",2007,"NY Mid",25,384,34118,384
"ami",2007,"NY Northeastern",2,131,14113,131
"ami",2007,"NY Northeastern",25,156,14113,156
"ami",2007,"PA Border",2,268,25066,268
"ami",2007,"PA Border",25,300,25066,300
"ami",2007,"PA Mid",2,706,54615,706
"ami",2007,"PA Mid",25,837,54615,837
"ami",2007,"PA Southern",2,659,49038,659
"ami",2007,"PA Southern",25,825,49038,825
"ami",2008,"NY Border",2,714,75560,714
"ami",2008,"NY Border",25,833,75560,833
"ami",2008,"NY Mid",2,361,34823,361
"ami",2008,"NY Mid",25,411,34823,411
"ami",2008,"NY Northeastern",2,170,14335,170
"ami",2008,"NY Northeastern",25,191,14335,191
"ami",2008,"PA Border",2,258,25751,258
"ami",2008,"PA Border",25,296,25751,296
"ami",2008,"PA Mid",2,829,54982,829
"ami",2008,"PA Mid",25,997,54982,997
"ami",2008,"PA Southern",2,806,50421,806
"ami",2008,"PA Southern",25,1021,50421,1021
"ami",2009,"NY Border",2,796,76937,796
"ami",2009,"NY Border",25,920,76937,920
"ami",2009,"NY Mid",2,381,35575,381
"ami",2009,"NY Mid",25,436,35575,436
"ami",2009,"NY Northeastern",2,167,14527,167
"ami",2009,"NY Northeastern",25,193,14527,193
"ami",2009,"PA Border",2,238,26292,238
"ami",2009,"PA Border",25,279,26292,279
"ami",2009,"PA Mid",2,821,55488,821
"ami",2009,"PA Mid",25,950,55488,950
"ami",2009,"PA Southern",2,742,52189,742
"ami",2009,"PA Southern",25,937,52189,937
"ami",2010,"NY Border",2,817,77609,817
"ami",2010,"NY Border",25,934,77609,934
"ami",2010,"NY Mid",2,375,36366,375
"ami",2010,"NY Mid",25,429,36366,429
"ami",2010,"NY Northeastern",2,156,14770,156
"ami",2010,"NY Northeastern",25,190,14770,190
"ami",2010,"PA Border",2,260,26827,260
"ami",2010,"PA Border",25,292,26827,292
"ami",2010,"PA Mid",2,874,56069,874
"ami",2010,"PA Mid",25,1013,56069,1013
"ami",2010,"PA Southern",2,726,53654,726
"ami",2010,"PA Southern",25,930,53654,930
"ami",2011,"NY Border",2,959,77519,959
"ami",2011,"NY Border",25,1098,77519,1098
"ami",2011,"NY Mid",2,399,36413,399
"ami",2011,"NY Mid",25,446,36413,446
"ami",2011,"NY Northeastern",2,151,14718,151
"ami",2011,"NY Northeastern",25,175,14718,175
"ami",2011,"PA Border",2,285,26854,285
"ami",2011,"PA Border",25,323,26854,323
"ami",2011,"PA Mid",2,777,55770,777
"ami",2011,"PA Mid",25,928,55770,928
"ami",2011,"PA Southern",2,757,54545,757
"ami",2011,"PA Southern",25,943,54545,943
"ami",2012,"NY Border",2,862,78569,862
"ami",2012,"NY Border",25,1017,78569,1017
"ami",2012,"NY Mid",2,357,37361,357
"ami",2012,"NY Mid",25,422,37361,422
"ami",2012,"NY Northeastern",2,201,15109,201
"ami",2012,"NY Northeastern",25,238,15109,238
"ami",2012,"PA Border",2,338,27315,338
"ami",2012,"PA Border",25,398,27315,398
"ami",2012,"PA Mid",2,718,56268,718
"ami",2012,"PA Mid",25,865,56268,865
"ami",2012,"PA Southern",2,866,56429,866
"ami",2012,"PA Southern",25,1104,56429,1104
"ami",2013,"NY Border",2,769,80006,769
"ami",2013,"NY Border",25,930,80006,930
"ami",2013,"NY Mid",2,315,38354,315
"ami",2013,"NY Mid",25,365,38354,365
"ami",2013,"NY Northeastern",2,181,15552,181
"ami",2013,"NY Northeastern",25,219,15552,219
"ami",2013,"PA Border",2,319,27991,319
"ami",2013,"PA Border",25,424,27991,424
"ami",2013,"PA Mid",2,672,57400,672
"ami",2013,"PA Mid",25,837,57400,837
"ami",2013,"PA Southern",2,829,58564,829
"ami",2013,"PA Southern",25,1052,58564,1052
"ami",2014,"NY Border",2,785,81307,785
"ami",2014,"NY Border",25,931,81307,931
"ami",2014,"NY Mid",2,328,39155,328
"ami",2014,"NY Mid",25,395,39155,395
"ami",2014,"NY Northeastern",2,142,15919,142
"ami",2014,"NY Northeastern",25,161,15919,161
"ami",2014,"PA Border",2,371,28502,371
"ami",2014,"PA Border",25,508,28502,508
"ami",2014,"PA Mid",2,696,58271,696
"ami",2014,"PA Mid",25,879,58271,879
"ami",2014,"PA Southern",2,744,60469,744
"ami",2014,"PA Southern",25,959,60469,959
"ami",2015,"NY Border",2,641,82318,857.014652014652
"ami",2015,"NY Border",25,780,82318,1042.85714285714
"ami",2015,"NY Mid",2,237,40033,316.868131868132
"ami",2015,"NY Mid",25,278,40033,371.684981684982
"ami",2015,"NY Northeastern",2,124,16260,165.787545787546
"ami",2015,"NY Northeastern",25,140,16260,187.179487179487
"ami",2015,"PA Border",2,290,28917,387.728937728938
"ami",2015,"PA Border",25,395,28917,528.113553113553
"ami",2015,"PA Mid",2,598,58949,799.52380952381
"ami",2015,"PA Mid",25,788,58949,1053.55311355311
"ami",2015,"PA Southern",2,589,62370,787.490842490842
"ami",2015,"PA Southern",25,731,62370,977.344322344322
"copd",2002,"NY Border",2,2791,72468,2791
"copd",2002,"NY Border",25,5631,72468,5631
"copd",2002,"NY Mid",2,1243,31978,1243
"copd",2002,"NY Mid",25,2261,31978,2261
"copd",2002,"NY Northeastern",2,490,13356,490
"copd",2002,"NY Northeastern",25,912,13356,912
"copd",2002,"PA Border",2,905,23027,905
"copd",2002,"PA Border",25,1615,23027,1615
"copd",2002,"PA Mid",2,2233,54997,2233
"copd",2002,"PA Mid",25,4794,54997,4794
"copd",2002,"PA Southern",2,1235,43222,1235
"copd",2002,"PA Southern",25,2646,43222,2646
"copd",2003,"NY Border",2,2716,72791,2716
"copd",2003,"NY Border",25,5642,72791,5642
"copd",2003,"NY Mid",2,1175,32444,1175
"copd",2003,"NY Mid",25,2178,32444,2178
"copd",2003,"NY Northeastern",2,463,13447,463
"copd",2003,"NY Northeastern",25,903,13447,903
"copd",2003,"PA Border",2,886,23290,886
"copd",2003,"PA Border",25,1670,23290,1670
"copd",2003,"PA Mid",2,2290,54657,2290
"copd",2003,"PA Mid",25,4847,54657,4847
"copd",2003,"PA Southern",2,1294,44214,1294
"copd",2003,"PA Southern",25,2791,44214,2791
"copd",2004,"NY Border",2,2865,72989,2865
"copd",2004,"NY Border",25,5943,72989,5943
"copd",2004,"NY Mid",2,1117,32644,1117
"copd",2004,"NY Mid",25,2143,32644,2143
"copd",2004,"NY Northeastern",2,480,13645,480
"copd",2004,"NY Northeastern",25,913,13645,913
"copd",2004,"PA Border",2,919,23617,919
"copd",2004,"PA Border",25,1718,23617,1718
"copd",2004,"PA Mid",2,2189,54534,2189
"copd",2004,"PA Mid",25,4702,54534,4702
"copd",2004,"PA Southern",2,1285,45247,1285
"copd",2004,"PA Southern",25,2825,45247,2825
"copd",2005,"NY Border",2,2715,73532,2715
"copd",2005,"NY Border",25,5660,73532,5660
"copd",2005,"NY Mid",2,1116,32937,1116
"copd",2005,"NY Mid",25,2239,32937,2239
"copd",2005,"NY Northeastern",2,499,13815,499
"copd",2005,"NY Northeastern",25,894,13815,894
"copd",2005,"PA Border",2,993,23964,993
"copd",2005,"PA Border",25,1752,23964,1752
"copd",2005,"PA Mid",2,2132,54401,2132
"copd",2005,"PA Mid",25,4671,54401,4671
"copd",2005,"PA Southern",2,1378,46385,1378
"copd",2005,"PA Southern",25,3027,46385,3027
"copd",2006,"NY Border",2,2354,73993,2354
"copd",2006,"NY Border",25,5172,73993,5172
"copd",2006,"NY Mid",2,974,33334,974
"copd",2006,"NY Mid",25,2018,33334,2018
"copd",2006,"NY Northeastern",2,490,13935,490
"copd",2006,"NY Northeastern",25,983,13935,983
"copd",2006,"PA Border",2,871,24435,871
"copd",2006,"PA Border",25,1634,24435,1634
"copd",2006,"PA Mid",2,2085,54150,2085
"copd",2006,"PA Mid",25,4592,54150,4592
"copd",2006,"PA Southern",2,1238,47582,1238
"copd",2006,"PA Southern",25,2974,47582,2974
"copd",2007,"NY Border",2,2175,74703,2175
"copd",2007,"NY Border",25,4948,74703,4948
"copd",2007,"NY Mid",2,1031,34118,1031
"copd",2007,"NY Mid",25,2186,34118,2186
"copd",2007,"NY Northeastern",2,364,14113,364
"copd",2007,"NY Northeastern",25,756,14113,756
"copd",2007,"PA Border",2,730,25066,730
"copd",2007,"PA Border",25,1562,25066,1562
"copd",2007,"PA Mid",2,1679,54615,1679
"copd",2007,"PA Mid",25,4122,54615,4122
"copd",2007,"PA Southern",2,1029,49038,1029
"copd",2007,"PA Southern",25,2736,49038,2736
"copd",2008,"NY Border",2,1617,75560,1617
"copd",2008,"NY Border",25,4651,75560,4651
"copd",2008,"NY Mid",2,710,34823,710
"copd",2008,"NY Mid",25,2029,34823,2029
"copd",2008,"NY Northeastern",2,299,14335,299
"copd",2008,"NY Northeastern",25,802,14335,802
"copd",2008,"PA Border",2,622,25751,622
"copd",2008,"PA Border",25,1575,25751,1575
"copd",2008,"PA Mid",2,1112,54982,1112
"copd",2008,"PA Mid",25,3834,54982,3834
"copd",2008,"PA Southern",2,853,50421,853
"copd",2008,"PA Southern",25,2676,50421,2676
"copd",2009,"NY Border",2,1635,76937,1635
"copd",2009,"NY Border",25,4673,76937,4673
"copd",2009,"NY Mid",2,702,35575,702
"copd",2009,"NY Mid",25,2168,35575,2168
"copd",2009,"NY Northeastern",2,317,14527,317
"copd",2009,"NY Northeastern",25,815,14527,815
"copd",2009,"PA Border",2,575,26292,575
"copd",2009,"PA Border",25,1605,26292,1605
"copd",2009,"PA Mid",2,992,55488,992
"copd",2009,"PA Mid",25,3601,55488,3601
"copd",2009,"PA Southern",2,792,52189,792
"copd",2009,"PA Southern",25,2581,52189,2581
"copd",2010,"NY Border",2,1587,77609,1587
"copd",2010,"NY Border",25,4684,77609,4684
"copd",2010,"NY Mid",2,722,36366,722
"copd",2010,"NY Mid",25,2074,36366,2074
"copd",2010,"NY Northeastern",2,267,14770,267
"copd",2010,"NY Northeastern",25,781,14770,781
"copd",2010,"PA Border",2,585,26827,585
"copd",2010,"PA Border",25,1614,26827,1614
"copd",2010,"PA Mid",2,1024,56069,1024
"copd",2010,"PA Mid",25,3445,56069,3445
"copd",2010,"PA Southern",2,795,53654,795
"copd",2010,"PA Southern",25,2500,53654,2500
"copd",2011,"NY Border",2,1593,77519,1593
"copd",2011,"NY Border",25,5348,77519,5348
"copd",2011,"NY Mid",2,664,36413,664
"copd",2011,"NY Mid",25,2328,36413,2328
"copd",2011,"NY Northeastern",2,253,14718,253
"copd",2011,"NY Northeastern",25,939,14718,939
"copd",2011,"PA Border",2,602,26854,602
"copd",2011,"PA Border",25,1940,26854,1940
"copd",2011,"PA Mid",2,1019,55770,1019
"copd",2011,"PA Mid",25,3855,55770,3855
"copd",2011,"PA Southern",2,781,54545,781
"copd",2011,"PA Southern",25,3219,54545,3219
"copd",2012,"NY Border",2,1276,78569,1276
"copd",2012,"NY Border",25,4988,78569,4988
"copd",2012,"NY Mid",2,608,37361,608
"copd",2012,"NY Mid",25,2102,37361,2102
"copd",2012,"NY Northeastern",2,209,15109,209
"copd",2012,"NY Northeastern",25,814,15109,814
"copd",2012,"PA Border",2,618,27315,618
"copd",2012,"PA Border",25,1909,27315,1909
"copd",2012,"PA Mid",2,858,56268,858
"copd",2012,"PA Mid",25,3666,56268,3666
"copd",2012,"PA Southern",2,732,56429,732
"copd",2012,"PA Southern",25,3325,56429,3325
"copd",2013,"NY Border",2,1249,80006,1249
"copd",2013,"NY Border",25,5024,80006,5024
"copd",2013,"NY Mid",2,570,38354,570
"copd",2013,"NY Mid",25,2051,38354,2051
"copd",2013,"NY Northeastern",2,199,15552,199
"copd",2013,"NY Northeastern",25,759,15552,759
"copd",2013,"PA Border",2,596,27991,596
"copd",2013,"PA Border",25,2010,27991,2010
"copd",2013,"PA Mid",2,870,57400,870
"copd",2013,"PA Mid",25,3602,57400,3602
"copd",2013,"PA Southern",2,727,58564,727
"copd",2013,"PA Southern",25,3364,58564,3364
"copd",2014,"NY Border",2,1063,81307,1063
"copd",2014,"NY Border",25,4431,81307,4431
"copd",2014,"NY Mid",2,453,39155,453
"copd",2014,"NY Mid",25,1864,39155,1864
"copd",2014,"NY Northeastern",2,200,15919,200
"copd",2014,"NY Northeastern",25,762,15919,762
"copd",2014,"PA Border",2,520,28502,520
"copd",2014,"PA Border",25,1740,28502,1740
"copd",2014,"PA Mid",2,752,58271,752
"copd",2014,"PA Mid",25,3427,58271,3427
"copd",2014,"PA Southern",2,636,60469,636
"copd",2014,"PA Southern",25,3348,60469,3348
"copd",2015,"NY Border",2,836,82318,1117.72893772894
"copd",2015,"NY Border",25,3658,82318,4890.7326007326
"copd",2015,"NY Mid",2,381,40033,509.395604395604
"copd",2015,"NY Mid",25,1552,40033,2075.01831501832
"copd",2015,"NY Northeastern",2,117,16260,156.428571428571
"copd",2015,"NY Northeastern",25,561,16260,750.054945054945
"copd",2015,"PA Border",2,419,28917,560.201465201465
"copd",2015,"PA Border",25,1350,28917,1804.94505494506
"copd",2015,"PA Mid",2,640,58949,855.677655677656
"copd",2015,"PA Mid",25,2770,58949,3703.47985347985
"copd",2015,"PA Southern",2,496,62370,663.150183150183
"copd",2015,"PA Southern",25,2653,62370,3547.05128205128
"heart-failure",2002,"NY Border",2,3062,72468,3062
"heart-failure",2002,"NY Border",25,5730,72468,5730
"heart-failure",2002,"NY Mid",2,1303,31978,1303
"heart-failure",2002,"NY Mid",25,2271,31978,2271
"heart-failure",2002,"NY Northeastern",2,432,13356,432
"heart-failure",2002,"NY Northeastern",25,791,13356,791
"heart-failure",2002,"PA Border",2,902,23027,902
"heart-failure",2002,"PA Border",25,1582,23027,1582
"heart-failure",2002,"PA Mid",2,3015,54997,3015
"heart-failure",2002,"PA Mid",25,5113,54997,5113
"heart-failure",2002,"PA Southern",2,1604,43222,1604
"heart-failure",2002,"PA Southern",25,3088,43222,3088
"heart-failure",2003,"NY Border",2,3405,72791,3405
"heart-failure",2003,"NY Border",25,6182,72791,6182
"heart-failure",2003,"NY Mid",2,1260,32444,1260
"heart-failure",2003,"NY Mid",25,2231,32444,2231
"heart-failure",2003,"NY Northeastern",2,354,13447,354
"heart-failure",2003,"NY Northeastern",25,669,13447,669
"heart-failure",2003,"PA Border",2,989,23290,989
"heart-failure",2003,"PA Border",25,1698,23290,1698
"heart-failure",2003,"PA Mid",2,3108,54657,3108
"heart-failure",2003,"PA Mid",25,5237,54657,5237
"heart-failure",2003,"PA Southern",2,1769,44214,1769
"heart-failure",2003,"PA Southern",25,3301,44214,3301
"heart-failure",2004,"NY Border",2,3455,72989,3455
"heart-failure",2004,"NY Border",25,6332,72989,6332
"heart-failure",2004,"NY Mid",2,1273,32644,1273
"heart-failure",2004,"NY Mid",25,2289,32644,2289
"heart-failure",2004,"NY Northeastern",2,381,13645,381
"heart-failure",2004,"NY Northeastern",25,715,13645,715
"heart-failure",2004,"PA Border",2,1089,23617,1089
"heart-failure",2004,"PA Border",25,1834,23617,1834
"heart-failure",2004,"PA Mid",2,3048,54534,3048
"heart-failure",2004,"PA Mid",25,5247,54534,5247
"heart-failure",2004,"PA Southern",2,1796,45247,1796
"heart-failure",2004,"PA Southern",25,3318,45247,3318
"heart-failure",2005,"NY Border",2,3231,73532,3231
"heart-failure",2005,"NY Border",25,6079,73532,6079
"heart-failure",2005,"NY Mid",2,1231,32937,1231
"heart-failure",2005,"NY Mid",25,2223,32937,2223
"heart-failure",2005,"NY Northeastern",2,443,13815,443
"heart-failure",2005,"NY Northeastern",25,796,13815,796
"heart-failure",2005,"PA Border",2,1048,23964,1048
"heart-failure",2005,"PA Border",25,1713,23964,1713
"heart-failure",2005,"PA Mid",2,3165,54401,3165
"heart-failure",2005,"PA Mid",25,5601,54401,5601
"heart-failure",2005,"PA Southern",2,1726,46385,1726
"heart-failure",2005,"PA Southern",25,3368,46385,3368
"heart-failure",2006,"NY Border",2,2777,73993,2777
"heart-failure",2006,"NY Border",25,5403,73993,5403
"heart-failure",2006,"NY Mid",2,1137,33334,1137
"heart-failure",2006,"NY Mid",25,2135,33334,2135
"heart-failure",2006,"NY Northeastern",2,442,13935,442
"heart-failure",2006,"NY Northeastern",25,770,13935,770
"heart-failure",2006,"PA Border",2,994,24435,994
"heart-failure",2006,"PA Border",25,1670,24435,1670
"heart-failure",2006,"PA Mid",2,2953,54150,2953
"heart-failure",2006,"PA Mid",25,5383,54150,5383
"heart-failure",2006,"PA Southern",2,1665,47582,1665
"heart-failure",2006,"PA Southern",25,3233,47582,3233
"heart-failure",2007,"NY Border",2,2578,74703,2578
"heart-failure",2007,"NY Border",25,5266,74703,5266
"heart-failure",2007,"NY Mid",2,1081,34118,1081
"heart-failure",2007,"NY Mid",25,2034,34118,2034
"heart-failure",2007,"NY Northeastern",2,376,14113,376
"heart-failure",2007,"NY Northeastern",25,709,14113,709
"heart-failure",2007,"PA Border",2,917,25066,917
"heart-failure",2007,"PA Border",25,1581,25066,1581
"heart-failure",2007,"PA Mid",2,2512,54615,2512
"heart-failure",2007,"PA Mid",25,4883,54615,4883
"heart-failure",2007,"PA Southern",2,1519,49038,1519
"heart-failure",2007,"PA Southern",25,3114,49038,3114
"heart-failure",2008,"NY Border",2,2271,75560,2271
"heart-failure",2008,"NY Border",25,4873,75560,4873
"heart-failure",2008,"NY Mid",2,811,34823,811
"heart-failure",2008,"NY Mid",25,1882,34823,1882
"heart-failure",2008,"NY Northeastern",2,324,14335,324
"heart-failure",2008,"NY Northeastern",25,681,14335,681
"heart-failure",2008,"PA Border",2,910,25751,910
"heart-failure",2008,"PA Border",25,1647,25751,1647
"heart-failure",2008,"PA Mid",2,2485,54982,2485
"heart-failure",2008,"PA Mid",25,5073,54982,5073
"heart-failure",2008,"PA Southern",2,1542,50421,1542
"heart-failure",2008,"PA Southern",25,3483,50421,3483
"heart-failure",2009,"NY Border",2,2393,76937,2393
"heart-failure",2009,"NY Border",25,4937,76937,4937
"heart-failure",2009,"NY Mid",2,934,35575,934
"heart-failure",2009,"NY Mid",25,2048,35575,2048
"heart-failure",2009,"NY Northeastern",2,330,14527,330
"heart-failure",2009,"NY Northeastern",25,675,14527,675
"heart-failure",2009,"PA Border",2,878,26292,878
"heart-failure",2009,"PA Border",25,1623,26292,1623
"heart-failure",2009,"PA Mid",2,2207,55488,2207
"heart-failure",2009,"PA Mid",25,4594,55488,4594
"heart-failure",2009,"PA Southern",2,1581,52189,1581
"heart-failure",2009,"PA Southern",25,3559,52189,3559
"heart-failure",2010,"NY Border",2,2497,77609,2497
"heart-failure",2010,"NY Border",25,5011,77609,5011
"heart-failure",2010,"NY Mid",2,930,36366,930
"heart-failure",2010,"NY Mid",25,2044,36366,2044
"heart-failure",2010,"NY Northeastern",2,329,14770,329
"heart-failure",2010,"NY Northeastern",25,703,14770,703
"heart-failure",2010,"PA Border",2,922,26827,922
"heart-failure",2010,"PA Border",25,1697,26827,1697
"heart-failure",2010,"PA Mid",2,2248,56069,2248
"heart-failure",2010,"PA Mid",25,4595,56069,4595
"heart-failure",2010,"PA Southern",2,1650,53654,1650
"heart-failure",2010,"PA Southern",25,3444,53654,3444
"heart-failure",2011,"NY Border",2,2560,77519,2560
"heart-failure",2011,"NY Border",25,5221,77519,5221
"heart-failure",2011,"NY Mid",2,892,36413,892
"heart-failure",2011,"NY Mid",25,2112,36413,2112
"heart-failure",2011,"NY Northeastern",2,359,14718,359
"heart-failure",2011,"NY Northeastern",25,809,14718,809
"heart-failure",2011,"PA Border",2,989,26854,989
"heart-failure",2011,"PA Border",25,1882,26854,1882
"heart-failure",2011,"PA Mid",2,2234,55770,2234
"heart-failure",2011,"PA Mid",25,4595,55770,4595
"heart-failure",2011,"PA Southern",2,1717,54545,1717
"heart-failure",2011,"PA Southern",25,4174,54545,4174
"heart-failure",2012,"NY Border",2,2580,78569,2580
"heart-failure",2012,"NY Border",25,5273,78569,5273
"heart-failure",2012,"NY Mid",2,889,37361,889
"heart-failure",2012,"NY Mid",25,1973,37361,1973
"heart-failure",2012,"NY Northeastern",2,415,15109,415
"heart-failure",2012,"NY Northeastern",25,807,15109,807
"heart-failure",2012,"PA Border",2,1007,27315,1007
"heart-failure",2012,"PA Border",25,1962,27315,1962
"heart-failure",2012,"PA Mid",2,2199,56268,2199
"heart-failure",2012,"PA Mid",25,4467,56268,4467
"heart-failure",2012,"PA Southern",2,1785,56429,1785
"heart-failure",2012,"PA Southern",25,4269,56429,4269
"heart-failure",2013,"NY Border",2,2685,80006,2685
"heart-failure",2013,"NY Border",25,5412,80006,5412
"heart-failure",2013,"NY Mid",2,887,38354,887
"heart-failure",2013,"NY Mid",25,1954,38354,1954
"heart-failure",2013,"NY Northeastern",2,410,15552,410
"heart-failure",2013,"NY Northeastern",25,764,15552,764
"heart-failure",2013,"PA Border",2,983,27991,983
"heart-failure",2013,"PA Border",25,2028,27991,2028
"heart-failure",2013,"PA Mid",2,2128,57400,2128
"heart-failure",2013,"PA Mid",25,4576,57400,4576
"heart-failure",2013,"PA Southern",2,1895,58564,1895
"heart-failure",2013,"PA Southern",25,4570,58564,4570
"heart-failure",2014,"NY Border",2,2671,81307,2671
"heart-failure",2014,"NY Border",25,5376,81307,5376
"heart-failure",2014,"NY Mid",2,856,39155,856
"heart-failure",2014,"NY Mid",25,1913,39155,1913
"heart-failure",2014,"NY Northeastern",2,351,15919,351
"heart-failure",2014,"NY Northeastern",25,653,15919,653
"heart-failure",2014,"PA Border",2,1049,28502,1049
"heart-failure",2014,"PA Border",25,2035,28502,2035
"heart-failure",2014,"PA Mid",2,2224,58271,2224
"heart-failure",2014,"PA Mid",25,4554,58271,4554
"heart-failure",2014,"PA Southern",2,1949,60469,1949
"heart-failure",2014,"PA Southern",25,4839,60469,4839
"heart-failure",2015,"NY Border",2,2188,82318,2925.34798534799
"heart-failure",2015,"NY Border",25,4441,82318,5937.60073260073
"heart-failure",2015,"NY Mid",2,644,40033,861.025641025641
"heart-failure",2015,"NY Mid",25,1477,40033,1974.74358974359
"heart-failure",2015,"NY Northeastern",2,269,16260,359.652014652015
"heart-failure",2015,"NY Northeastern",25,580,16260,775.457875457876
"heart-failure",2015,"PA Border",2,816,28917,1090.98901098901
"heart-failure",2015,"PA Border",25,1610,28917,2152.5641025641
"heart-failure",2015,"PA Mid",2,1639,58949,2191.336996337
"heart-failure",2015,"PA Mid",25,3575,58949,4779.7619047619
"heart-failure",2015,"PA Southern",2,1605,62370,2145.87912087912
"heart-failure",2015,"PA Southern",25,4023,62370,5378.73626373626
"ihd",2002,"NY Border",2,2691,72468,2691
"ihd",2002,"NY Border",25,8134,72468,8134
"ihd",2002,"NY Mid",2,1378,31978,1378
"ihd",2002,"NY Mid",25,3334,31978,3334
"ihd",2002,"NY Northeastern",2,545,13356,545
"ihd",2002,"NY Northeastern",25,1346,13356,1346
"ihd",2002,"PA Border",2,973,23027,973
"ihd",2002,"PA Border",25,2424,23027,2424
"ihd",2002,"PA Mid",2,3060,54997,3060
"ihd",2002,"PA Mid",25,8754,54997,8754
"ihd",2002,"PA Southern",2,1980,43222,1980
"ihd",2002,"PA Southern",25,4756,43222,4756
"ihd",2003,"NY Border",2,2514,72791,2514
"ihd",2003,"NY Border",25,8084,72791,8084
"ihd",2003,"NY Mid",2,1416,32444,1416
"ihd",2003,"NY Mid",25,3500,32444,3500
"ihd",2003,"NY Northeastern",2,505,13447,505
"ihd",2003,"NY Northeastern",25,1308,13447,1308
"ihd",2003,"PA Border",2,1007,23290,1007
"ihd",2003,"PA Border",25,2683,23290,2683
"ihd",2003,"PA Mid",2,2838,54657,2838
"ihd",2003,"PA Mid",25,8724,54657,8724
"ihd",2003,"PA Southern",2,1969,44214,1969
"ihd",2003,"PA Southern",25,4923,44214,4923
"ihd",2004,"NY Border",2,2460,72989,2460
"ihd",2004,"NY Border",25,8031,72989,8031
"ihd",2004,"NY Mid",2,1371,32644,1371
"ihd",2004,"NY Mid",25,3368,32644,3368
"ihd",2004,"NY Northeastern",2,419,13645,419
"ihd",2004,"NY Northeastern",25,1281,13645,1281
"ihd",2004,"PA Border",2,882,23617,882
"ihd",2004,"PA Border",25,2496,23617,2496
"ihd",2004,"PA Mid",2,2779,54534,2779
"ihd",2004,"PA Mid",25,8523,54534,8523
"ihd",2004,"PA Southern",2,2071,45247,2071
"ihd",2004,"PA Southern",25,5260,45247,5260
"ihd",2005,"NY Border",2,2248,73532,2248
"ihd",2005,"NY Border",25,7530,73532,7530
"ihd",2005,"NY Mid",2,1147,32937,1147
"ihd",2005,"NY Mid",25,3221,32937,3221
"ihd",2005,"NY Northeastern",2,508,13815,508
"ihd",2005,"NY Northeastern",25,1383,13815,1383
"ihd",2005,"PA Border",2,848,23964,848
"ihd",2005,"PA Border",25,2391,23964,2391
"ihd",2005,"PA Mid",2,2539,54401,2539
"ihd",2005,"PA Mid",25,8179,54401,8179
"ihd",2005,"PA Southern",2,1950,46385,1950
"ihd",2005,"PA Southern",25,5425,46385,5425
"ihd",2006,"NY Border",2,1965,73993,1965
"ihd",2006,"NY Border",25,6764,73993,6764
"ihd",2006,"NY Mid",2,1078,33334,1078
"ihd",2006,"NY Mid",25,3149,33334,3149
"ihd",2006,"NY Northeastern",2,484,13935,484
"ihd",2006,"NY Northeastern",25,1387,13935,1387
"ihd",2006,"PA Border",2,791,24435,791
"ihd",2006,"PA Border",25,2434,24435,2434
"ihd",2006,"PA Mid",2,2332,54150,2332
"ihd",2006,"PA Mid",25,7673,54150,7673
"ihd",2006,"PA Southern",2,1913,47582,1913
"ihd",2006,"PA Southern",25,5284,47582,5284
"ihd",2007,"NY Border",2,1807,74703,1807
"ihd",2007,"NY Border",25,6435,74703,6435
"ihd",2007,"NY Mid",2,908,34118,908
"ihd",2007,"NY Mid",25,2904,34118,2904
"ihd",2007,"NY Northeastern",2,372,14113,372
"ihd",2007,"NY Northeastern",25,1139,14113,1139
"ihd",2007,"PA Border",2,746,25066,746
"ihd",2007,"PA Border",25,2361,25066,2361
"ihd",2007,"PA Mid",2,1955,54615,1955
"ihd",2007,"PA Mid",25,6996,54615,6996
"ihd",2007,"PA Southern",2,1764,49038,1764
"ihd",2007,"PA Southern",25,5221,49038,5221
"ihd",2008,"NY Border",2,1812,75560,1812
"ihd",2008,"NY Border",25,6597,75560,6597
"ihd",2008,"NY Mid",2,952,34823,952
"ihd",2008,"NY Mid",25,3045,34823,3045
"ihd",2008,"NY Northeastern",2,393,14335,393
"ihd",2008,"NY Northeastern",25,1245,14335,1245
"ihd",2008,"PA Border",2,761,25751,761
"ihd",2008,"PA Border",25,2398,25751,2398
"ihd",2008,"PA Mid",2,2188,54982,2188
"ihd",2008,"PA Mid",25,7749,54982,7749
"ihd",2008,"PA Southern",2,1949,50421,1949
"ihd",2008,"PA Southern",25,5591,50421,5591
"ihd",2009,"NY Border",2,1881,76937,1881
"ihd",2009,"NY Border",25,6730,76937,6730
"ihd",2009,"NY Mid",2,909,35575,909
"ihd",2009,"NY Mid",25,2933,35575,2933
"ihd",2009,"NY Northeastern",2,425,14527,425
"ihd",2009,"NY Northeastern",25,1232,14527,1232
"ihd",2009,"PA Border",2,738,26292,738
"ihd",2009,"PA Border",25,2428,26292,2428
"ihd",2009,"PA Mid",2,1928,55488,1928
"ihd",2009,"PA Mid",25,6949,55488,6949
"ihd",2009,"PA Southern",2,1768,52189,1768
"ihd",2009,"PA Southern",25,5330,52189,5330
"ihd",2010,"NY Border",2,1725,77609,1725
"ihd",2010,"NY Border",25,6286,77609,6286
"ihd",2010,"NY Mid",2,858,36366,858
"ihd",2010,"NY Mid",25,2804,36366,2804
"ihd",2010,"NY Northeastern",2,390,14770,390
"ihd",2010,"NY Northeastern",25,1207,14770,1207
"ihd",2010,"PA Border",2,765,26827,765
"ihd",2010,"PA Border",25,2493,26827,2493
"ihd",2010,"PA Mid",2,1949,56069,1949
"ihd",2010,"PA Mid",25,6759,56069,6759
"ihd",2010,"PA Southern",2,1568,53654,1568
"ihd",2010,"PA Southern",25,5089,53654,5089
"ihd",2011,"NY Border",2,1841,77519,1841
"ihd",2011,"NY Border",25,8138,77519,8138
"ihd",2011,"NY Mid",2,836,36413,836
"ihd",2011,"NY Mid",25,3128,36413,3128
"ihd",2011,"NY Northeastern",2,337,14718,337
"ihd",2011,"NY Northeastern",25,1355,14718,1355
"ihd",2011,"PA Border",2,655,26854,655
"ihd",2011,"PA Border",25,2901,26854,2901
"ihd",2011,"PA Mid",2,1646,55770,1646
"ihd",2011,"PA Mid",25,7366,55770,7366
"ihd",2011,"PA Southern",2,1435,54545,1435
"ihd",2011,"PA Southern",25,6715,54545,6715
"ihd",2012,"NY Border",2,1676,78569,1676
"ihd",2012,"NY Border",25,7812,78569,7812
"ihd",2012,"NY Mid",2,727,37361,727
"ihd",2012,"NY Mid",25,3001,37361,3001
"ihd",2012,"NY Northeastern",2,360,15109,360
"ihd",2012,"NY Northeastern",25,1283,15109,1283
"ihd",2012,"PA Border",2,678,27315,678
"ihd",2012,"PA Border",25,3024,27315,3024
"ihd",2012,"PA Mid",2,1406,56268,1406
"ihd",2012,"PA Mid",25,6775,56268,6775
"ihd",2012,"PA Southern",2,1597,56429,1597
"ihd",2012,"PA Southern",25,7151,56429,7151
"ihd",2013,"NY Border",2,1464,80006,1464
"ihd",2013,"NY Border",25,7784,80006,7784
"ihd",2013,"NY Mid",2,637,38354,637
"ihd",2013,"NY Mid",25,2900,38354,2900
"ihd",2013,"NY Northeastern",2,284,15552,284
"ihd",2013,"NY Northeastern",25,1129,15552,1129
"ihd",2013,"PA Border",2,607,27991,607
"ihd",2013,"PA Border",25,3017,27991,3017
"ihd",2013,"PA Mid",2,1293,57400,1293
"ihd",2013,"PA Mid",25,6622,57400,6622
"ihd",2013,"PA Southern",2,1490,58564,1490
"ihd",2013,"PA Southern",25,7051,58564,7051
"ihd",2014,"NY Border",2,1350,81307,1350
"ihd",2014,"NY Border",25,7564,81307,7564
"ihd",2014,"NY Mid",2,568,39155,568
"ihd",2014,"NY Mid",25,2834,39155,2834
"ihd",2014,"NY Northeastern",2,237,15919,237
"ihd",2014,"NY Northeastern",25,1035,15919,1035
"ihd",2014,"PA Border",2,629,28502,629
"ihd",2014,"PA Border",25,2775,28502,2775
"ihd",2014,"PA Mid",2,1256,58271,1256
"ihd",2014,"PA Mid",25,6234,58271,6234
"ihd",2014,"PA Southern",2,1371,60469,1371
"ihd",2014,"PA Southern",25,7397,60469,7397
"ihd",2015,"NY Border",2,1088,82318,1454.65201465201
"ihd",2015,"NY Border",25,5756,82318,7695.75091575092
"ihd",2015,"NY Mid",2,422,40033,564.212454212454
"ihd",2015,"NY Mid",25,2112,40033,2823.73626373626
"ihd",2015,"NY Northeastern",2,201,16260,268.736263736264
"ihd",2015,"NY Northeastern",25,829,16260,1108.36996336996
"ihd",2015,"PA Border",2,496,28917,663.150183150183
"ihd",2015,"PA Border",25,2169,28917,2899.94505494505
"ihd",2015,"PA Mid",2,931,58949,1244.74358974359
"ihd",2015,"PA Mid",25,4941,58949,6606.0989010989
"ihd",2015,"PA Southern",2,1030,62370,1377.10622710623
"ihd",2015,"PA Southern",25,5684,62370,7599.48717948718
"no-ami-ihd",2002,"NY Border",2,1922,72468,1922
"no-ami-ihd",2002,"NY Border",25,7738,72468,7738
"no-ami-ihd",2002,"NY Mid",2,1029,31978,1029
"no-ami-ihd",2002,"NY Mid",25,3107,31978,3107
"no-ami-ihd",2002,"NY Northeastern",2,408,13356,408
"no-ami-ihd",2002,"NY Northeastern",25,1265,13356,1265
"no-ami-ihd",2002,"PA Border",2,699,23027,699
"no-ami-ihd",2002,"PA Border",25,2245,23027,2245
"no-ami-ihd",2002,"PA Mid",2,2176,54997,2176
"no-ami-ihd",2002,"PA Mid",25,8289,54997,8289
"no-ami-ihd",2002,"PA Southern",2,1403,43222,1403
"no-ami-ihd",2002,"PA Southern",25,4402,43222,4402
"no-ami-ihd",2003,"NY Border",2,1780,72791,1780
"no-ami-ihd",2003,"NY Border",25,7702,72791,7702
"no-ami-ihd",2003,"NY Mid",2,1068,32444,1068
"no-ami-ihd",2003,"NY Mid",25,3287,32444,3287
"no-ami-ihd",2003,"NY Northeastern",2,396,13447,396
"no-ami-ihd",2003,"NY Northeastern",25,1256,13447,1256
"no-ami-ihd",2003,"PA Border",2,728,23290,728
"no-ami-ihd",2003,"PA Border",25,2533,23290,2533
"no-ami-ihd",2003,"PA Mid",2,2026,54657,2026
"no-ami-ihd",2003,"PA Mid",25,8286,54657,8286
"no-ami-ihd",2003,"PA Southern",2,1361,44214,1361
"no-ami-ihd",2003,"PA Southern",25,4559,44214,4559
"no-ami-ihd",2004,"NY Border",2,1678,72989,1678
"no-ami-ihd",2004,"NY Border",25,7617,72989,7617
"no-ami-ihd",2004,"NY Mid",2,1015,32644,1015
"no-ami-ihd",2004,"NY Mid",25,3144,32644,3144
"no-ami-ihd",2004,"NY Northeastern",2,320,13645,320
"no-ami-ihd",2004,"NY Northeastern",25,1217,13645,1217
"no-ami-ihd",2004,"PA Border",2,680,23617,680
"no-ami-ihd",2004,"PA Border",25,2387,23617,2387
"no-ami-ihd",2004,"PA Mid",2,2010,54534,2010
"no-ami-ihd",2004,"PA Mid",25,8095,54534,8095
"no-ami-ihd",2004,"PA Southern",2,1517,45247,1517
"no-ami-ihd",2004,"PA Southern",25,4954,45247,4954
"no-ami-ihd",2005,"NY Border",2,1499,73532,1499
"no-ami-ihd",2005,"NY Border",25,7119,73532,7119
"no-ami-ihd",2005,"NY Mid",2,877,32937,877
"no-ami-ihd",2005,"NY Mid",25,3045,32937,3045
"no-ami-ihd",2005,"NY Northeastern",2,391,13815,391
"no-ami-ihd",2005,"NY Northeastern",25,1321,13815,1321
"no-ami-ihd",2005,"PA Border",2,618,23964,618
"no-ami-ihd",2005,"PA Border",25,2271,23964,2271
"no-ami-ihd",2005,"PA Mid",2,1744,54401,1744
"no-ami-ihd",2005,"PA Mid",25,7705,54401,7705
"no-ami-ihd",2005,"PA Southern",2,1412,46385,1412
"no-ami-ihd",2005,"PA Southern",25,5078,46385,5078
"no-ami-ihd",2006,"NY Border",2,1286,73993,1286
"no-ami-ihd",2006,"NY Border",25,6366,73993,6366
"no-ami-ihd",2006,"NY Mid",2,833,33334,833
"no-ami-ihd",2006,"NY Mid",25,2966,33334,2966
"no-ami-ihd",2006,"NY Northeastern",2,344,13935,344
"no-ami-ihd",2006,"NY Northeastern",25,1298,13935,1298
"no-ami-ihd",2006,"PA Border",2,583,24435,583
"no-ami-ihd",2006,"PA Border",25,2298,24435,2298
"no-ami-ihd",2006,"PA Mid",2,1615,54150,1615
"no-ami-ihd",2006,"PA Mid",25,7223,54150,7223
"no-ami-ihd",2006,"PA Southern",2,1369,47582,1369
"no-ami-ihd",2006,"PA Southern",25,4975,47582,4975
"no-ami-ihd",2007,"NY Border",2,1160,74703,1160
"no-ami-ihd",2007,"NY Border",25,6035,74703,6035
"no-ami-ihd",2007,"NY Mid",2,617,34118,617
"no-ami-ihd",2007,"NY Mid",25,2715,34118,2715
"no-ami-ihd",2007,"NY Northeastern",2,271,14113,271
"no-ami-ihd",2007,"NY Northeastern",25,1084,14113,1084
"no-ami-ihd",2007,"PA Border",2,518,25066,518
"no-ami-ihd",2007,"PA Border",25,2241,25066,2241
"no-ami-ihd",2007,"PA Mid",2,1328,54615,1328
"no-ami-ihd",2007,"PA Mid",25,6586,54615,6586
"no-ami-ihd",2007,"PA Southern",2,1230,49038,1230
"no-ami-ihd",2007,"PA Southern",25,4886,49038,4886
"no-ami-ihd",2008,"NY Border",2,1227,75560,1227
"no-ami-ihd",2008,"NY Border",25,6246,75560,6246
"no-ami-ihd",2008,"NY Mid",2,657,34823,657
"no-ami-ihd",2008,"NY Mid",25,2871,34823,2871
"no-ami-ihd",2008,"NY Northeastern",2,244,14335,244
"no-ami-ihd",2008,"NY Northeastern",25,1174,14335,1174
"no-ami-ihd",2008,"PA Border",2,554,25751,554
"no-ami-ihd",2008,"PA Border",25,2267,25751,2267
"no-ami-ihd",2008,"PA Mid",2,1479,54982,1479
"no-ami-ihd",2008,"PA Mid",25,7269,54982,7269
"no-ami-ihd",2008,"PA Southern",2,1283,50421,1283
"no-ami-ihd",2008,"PA Southern",25,5141,50421,5141
"no-ami-ihd",2009,"NY Border",2,1187,76937,1187
"no-ami-ihd",2009,"NY Border",25,6303,76937,6303
"no-ami-ihd",2009,"NY Mid",2,586,35575,586
"no-ami-ihd",2009,"NY Mid",25,2729,35575,2729
"no-ami-ihd",2009,"NY Northeastern",2,292,14527,292
"no-ami-ihd",2009,"NY Northeastern",25,1155,14527,1155
"no-ami-ihd",2009,"PA Border",2,541,26292,541
"no-ami-ihd",2009,"PA Border",25,2314,26292,2314
"no-ami-ihd",2009,"PA Mid",2,1223,55488,1223
"no-ami-ihd",2009,"PA Mid",25,6507,55488,6507
"no-ami-ihd",2009,"PA Southern",2,1185,52189,1185
"no-ami-ihd",2009,"PA Southern",25,4909,52189,4909
"no-ami-ihd",2010,"NY Border",2,976,77609,976
"no-ami-ihd",2010,"NY Border",25,5800,77609,5800
"no-ami-ihd",2010,"NY Mid",2,529,36366,529
"no-ami-ihd",2010,"NY Mid",25,2605,36366,2605
"no-ami-ihd",2010,"NY Northeastern",2,257,14770,257
"no-ami-ihd",2010,"NY Northeastern",25,1108,14770,1108
"no-ami-ihd",2010,"PA Border",2,542,26827,542
"no-ami-ihd",2010,"PA Border",25,2357,26827,2357
"no-ami-ihd",2010,"PA Mid",2,1189,56069,1189
"no-ami-ihd",2010,"PA Mid",25,6304,56069,6304
"no-ami-ihd",2010,"PA Southern",2,951,53654,951
"no-ami-ihd",2010,"PA Southern",25,4677,53654,4677
"no-ami-ihd",2011,"NY Border",2,938,77519,938
"no-ami-ihd",2011,"NY Border",25,7783,77519,7783
"no-ami-ihd",2011,"NY Mid",2,477,36413,477
"no-ami-ihd",2011,"NY Mid",25,2984,36413,2984
"no-ami-ihd",2011,"NY Northeastern",2,210,14718,210
"no-ami-ihd",2011,"NY Northeastern",25,1298,14718,1298
"no-ami-ihd",2011,"PA Border",2,414,26854,414
"no-ami-ihd",2011,"PA Border",25,2806,26854,2806
"no-ami-ihd",2011,"PA Mid",2,942,55770,942
"no-ami-ihd",2011,"PA Mid",25,7072,55770,7072
"no-ami-ihd",2011,"PA Southern",2,802,54545,802
"no-ami-ihd",2011,"PA Southern",25,6436,54545,6436
"no-ami-ihd",2012,"NY Border",2,863,78569,863
"no-ami-ihd",2012,"NY Border",25,7463,78569,7463
"no-ami-ihd",2012,"NY Mid",2,411,37361,411
"no-ami-ihd",2012,"NY Mid",25,2879,37361,2879
"no-ami-ihd",2012,"NY Northeastern",2,190,15109,190
"no-ami-ihd",2012,"NY Northeastern",25,1209,15109,1209
"no-ami-ihd",2012,"PA Border",2,391,27315,391
"no-ami-ihd",2012,"PA Border",25,2919,27315,2919
"no-ami-ihd",2012,"PA Mid",2,774,56268,774
"no-ami-ihd",2012,"PA Mid",25,6494,56268,6494
"no-ami-ihd",2012,"PA Southern",2,887,56429,887
"no-ami-ihd",2012,"PA Southern",25,6831,56429,6831
"no-ami-ihd",2013,"NY Border",2,740,80006,740
"no-ami-ihd",2013,"NY Border",25,7488,80006,7488
"no-ami-ihd",2013,"NY Mid",2,356,38354,356
"no-ami-ihd",2013,"NY Mid",25,2816,38354,2816
"no-ami-ihd",2013,"NY Northeastern",2,121,15552,121
"no-ami-ihd",2013,"NY Northeastern",25,1041,15552,1041
"no-ami-ihd",2013,"PA Border",2,338,27991,338
"no-ami-ihd",2013,"PA Border",25,2892,27991,2892
"no-ami-ihd",2013,"PA Mid",2,689,57400,689
"no-ami-ihd",2013,"PA Mid",25,6354,57400,6354
"no-ami-ihd",2013,"PA Southern",2,768,58564,768
"no-ami-ihd",2013,"PA Southern",25,6794,58564,6794
"no-ami-ihd",2014,"NY Border",2,602,81307,602
"no-ami-ihd",2014,"NY Border",25,7275,81307,7275
"no-ami-ihd",2014,"NY Mid",2,272,39155,272
"no-ami-ihd",2014,"NY Mid",25,2725,39155,2725
"no-ami-ihd",2014,"NY Northeastern",2,115,15919,115
"no-ami-ihd",2014,"NY Northeastern",25,982,15919,982
"no-ami-ihd",2014,"PA Border",2,301,28502,301
"no-ami-ihd",2014,"PA Border",25,2598,28502,2598
"no-ami-ihd",2014,"PA Mid",2,644,58271,644
"no-ami-ihd",2014,"PA Mid",25,5937,58271,5937
"no-ami-ihd",2014,"PA Southern",2,713,60469,713
"no-ami-ihd",2014,"PA Southern",25,7175,60469,7175
"no-ami-ihd",2015,"NY Border",2,480,82318,641.758241758242
"no-ami-ihd",2015,"NY Border",25,5494,82318,7345.45787545788
"no-ami-ihd",2015,"NY Mid",2,206,40033,275.421245421245
"no-ami-ihd",2015,"NY Mid",25,2042,40033,2730.14652014652
"no-ami-ihd",2015,"NY Northeastern",2,89,16260,118.992673992674
"no-ami-ihd",2015,"NY Northeastern",25,793,16260,1060.2380952381
"no-ami-ihd",2015,"PA Border",2,235,28917,314.194139194139
"no-ami-ihd",2015,"PA Border",25,2030,28917,2714.10256410256
"no-ami-ihd",2015,"PA Mid",2,378,58949,505.384615384615
"no-ami-ihd",2015,"PA Mid",25,4685,58949,6263.82783882784
"no-ami-ihd",2015,"PA Southern",2,499,62370,667.161172161172
"no-ami-ihd",2015,"PA Southern",25,5499,62370,7352.14285714286
"stroke",2002,"NY Border",2,905,72468,905
"stroke",2002,"NY Border",25,1053,72468,1053
"stroke",2002,"NY Mid",2,458,31978,458
"stroke",2002,"NY Mid",25,521,31978,521
"stroke",2002,"NY Northeastern",2,163,13356,163
"stroke",2002,"NY Northeastern",25,192,13356,192
"stroke",2002,"PA Border",2,315,23027,315
"stroke",2002,"PA Border",25,380,23027,380
"stroke",2002,"PA Mid",2,1150,54997,1150
"stroke",2002,"PA Mid",25,1451,54997,1451
"stroke",2002,"PA Southern",2,706,43222,706
"stroke",2002,"PA Southern",25,837,43222,837
"stroke",2003,"NY Border",2,876,72791,876
"stroke",2003,"NY Border",25,1068,72791,1068
"stroke",2003,"NY Mid",2,414,32444,414
"stroke",2003,"NY Mid",25,491,32444,491
"stroke",2003,"NY Northeastern",2,155,13447,155
"stroke",2003,"NY Northeastern",25,188,13447,188
"stroke",2003,"PA Border",2,306,23290,306
"stroke",2003,"PA Border",25,360,23290,360
"stroke",2003,"PA Mid",2,1084,54657,1084
"stroke",2003,"PA Mid",25,1342,54657,1342
"stroke",2003,"PA Southern",2,661,44214,661
"stroke",2003,"PA Southern",25,769,44214,769
"stroke",2004,"NY Border",2,761,72989,761
"stroke",2004,"NY Border",25,931,72989,931
"stroke",2004,"NY Mid",2,393,32644,393
"stroke",2004,"NY Mid",25,482,32644,482
"stroke",2004,"NY Northeastern",2,163,13645,163
"stroke",2004,"NY Northeastern",25,198,13645,198
"stroke",2004,"PA Border",2,281,23617,281
"stroke",2004,"PA Border",25,358,23617,358
"stroke",2004,"PA Mid",2,1004,54534,1004
"stroke",2004,"PA Mid",25,1274,54534,1274
"stroke",2004,"PA Southern",2,646,45247,646
"stroke",2004,"PA Southern",25,761,45247,761
"stroke",2005,"NY Border",2,737,73532,737
"stroke",2005,"NY Border",25,890,73532,890
"stroke",2005,"NY Mid",2,369,32937,369
"stroke",2005,"NY Mid",25,451,32937,451
"stroke",2005,"NY Northeastern",2,144,13815,144
"stroke",2005,"NY Northeastern",25,166,13815,166
"stroke",2005,"PA Border",2,282,23964,282
"stroke",2005,"PA Border",25,334,23964,334
"stroke",2005,"PA Mid",2,982,54401,982
"stroke",2005,"PA Mid",25,1242,54401,1242
"stroke",2005,"PA Southern",2,589,46385,589
"stroke",2005,"PA Southern",25,713,46385,713
"stroke",2006,"NY Border",2,765,73993,765
"stroke",2006,"NY Border",25,916,73993,916
"stroke",2006,"NY Mid",2,350,33334,350
"stroke",2006,"NY Mid",25,438,33334,438
"stroke",2006,"NY Northeastern",2,148,13935,148
"stroke",2006,"NY Northeastern",25,168,13935,168
"stroke",2006,"PA Border",2,272,24435,272
"stroke",2006,"PA Border",25,342,24435,342
"stroke",2006,"PA Mid",2,903,54150,903
"stroke",2006,"PA Mid",25,1172,54150,1172
"stroke",2006,"PA Southern",2,615,47582,615
"stroke",2006,"PA Southern",25,734,47582,734
"stroke",2007,"NY Border",2,716,74703,716
"stroke",2007,"NY Border",25,860,74703,860
"stroke",2007,"NY Mid",2,312,34118,312
"stroke",2007,"NY Mid",25,375,34118,375
"stroke",2007,"NY Northeastern",2,144,14113,144
"stroke",2007,"NY Northeastern",25,164,14113,164
"stroke",2007,"PA Border",2,273,25066,273
"stroke",2007,"PA Border",25,320,25066,320
"stroke",2007,"PA Mid",2,806,54615,806
"stroke",2007,"PA Mid",25,1037,54615,1037
"stroke",2007,"PA Southern",2,653,49038,653
"stroke",2007,"PA Southern",25,785,49038,785
"stroke",2008,"NY Border",2,741,75560,741
"stroke",2008,"NY Border",25,836,75560,836
"stroke",2008,"NY Mid",2,333,34823,333
"stroke",2008,"NY Mid",25,391,34823,391
"stroke",2008,"NY Northeastern",2,153,14335,153
"stroke",2008,"NY Northeastern",25,171,14335,171
"stroke",2008,"PA Border",2,297,25751,297
"stroke",2008,"PA Border",25,347,25751,347
"stroke",2008,"PA Mid",2,978,54982,978
"stroke",2008,"PA Mid",25,1202,54982,1202
"stroke",2008,"PA Southern",2,673,50421,673
"stroke",2008,"PA Southern",25,804,50421,804
"stroke",2009,"NY Border",2,823,76937,823
"stroke",2009,"NY Border",25,942,76937,942
"stroke",2009,"NY Mid",2,344,35575,344
"stroke",2009,"NY Mid",25,403,35575,403
"stroke",2009,"NY Northeastern",2,167,14527,167
"stroke",2009,"NY Northeastern",25,191,14527,191
"stroke",2009,"PA Border",2,273,26292,273
"stroke",2009,"PA Border",25,334,26292,334
"stroke",2009,"PA Mid",2,821,55488,821
"stroke",2009,"PA Mid",25,1071,55488,1071
"stroke",2009,"PA Southern",2,648,52189,648
"stroke",2009,"PA Southern",25,773,52189,773
"stroke",2010,"NY Border",2,774,77609,774
"stroke",2010,"NY Border",25,896,77609,896
"stroke",2010,"NY Mid",2,346,36366,346
"stroke",2010,"NY Mid",25,385,36366,385
"stroke",2010,"NY Northeastern",2,169,14770,169
"stroke",2010,"NY Northeastern",25,186,14770,186
"stroke",2010,"PA Border",2,324,26827,324
"stroke",2010,"PA Border",25,370,26827,370
"stroke",2010,"PA Mid",2,849,56069,849
"stroke",2010,"PA Mid",25,1009,56069,1009
"stroke",2010,"PA Southern",2,618,53654,618
"stroke",2010,"PA Southern",25,747,53654,747
"stroke",2011,"NY Border",2,773,77519,773
"stroke",2011,"NY Border",25,881,77519,881
"stroke",2011,"NY Mid",2,346,36413,346
"stroke",2011,"NY Mid",25,403,36413,403
"stroke",2011,"NY Northeastern",2,130,14718,130
"stroke",2011,"NY Northeastern",25,151,14718,151
"stroke",2011,"PA Border",2,320,26854,320
"stroke",2011,"PA Border",25,381,26854,381
"stroke",2011,"PA Mid",2,797,55770,797
"stroke",2011,"PA Mid",25,951,55770,951
"stroke",2011,"PA Southern",2,691,54545,691
"stroke",2011,"PA Southern",25,826,54545,826
"stroke",2012,"NY Border",2,785,78569,785
"stroke",2012,"NY Border",25,901,78569,901
"stroke",2012,"NY Mid",2,314,37361,314
"stroke",2012,"NY Mid",25,367,37361,367
"stroke",2012,"NY Northeastern",2,131,15109,131
"stroke",2012,"NY Northeastern",25,156,15109,156
"stroke",2012,"PA Border",2,309,27315,309
"stroke",2012,"PA Border",25,383,27315,383
"stroke",2012,"PA Mid",2,769,56268,769
"stroke",2012,"PA Mid",25,917,56268,917
"stroke",2012,"PA Southern",2,721,56429,721
"stroke",2012,"PA Southern",25,881,56429,881
"stroke",2013,"NY Border",2,822,80006,822
"stroke",2013,"NY Border",25,936,80006,936
"stroke",2013,"NY Mid",2,328,38354,328
"stroke",2013,"NY Mid",25,390,38354,390
"stroke",2013,"NY Northeastern",2,136,15552,136
"stroke",2013,"NY Northeastern",25,152,15552,152
"stroke",2013,"PA Border",2,314,27991,314
"stroke",2013,"PA Border",25,373,27991,373
"stroke",2013,"PA Mid",2,704,57400,704
"stroke",2013,"PA Mid",25,880,57400,880
"stroke",2013,"PA Southern",2,745,58564,745
"stroke",2013,"PA Southern",25,911,58564,911
"stroke",2014,"NY Border",2,757,81307,757
"stroke",2014,"NY Border",25,916,81307,916
"stroke",2014,"NY Mid",2,322,39155,322
"stroke",2014,"NY Mid",25,380,39155,380
"stroke",2014,"NY Northeastern",2,133,15919,133
"stroke",2014,"NY Northeastern",25,152,15919,152
"stroke",2014,"PA Border",2,321,28502,321
"stroke",2014,"PA Border",25,397,28502,397
"stroke",2014,"PA Mid",2,694,58271,694
"stroke",2014,"PA Mid",25,890,58271,890
"stroke",2014,"PA Southern",2,733,60469,733
"stroke",2014,"PA Southern",25,912,60469,912
"stroke",2015,"NY Border",2,602,82318,804.871794871795
"stroke",2015,"NY Border",25,698,82318,933.223443223443
"stroke",2015,"NY Mid",2,209,40033,279.432234432234
"stroke",2015,"NY Mid",25,252,40033,336.923076923077
"stroke",2015,"NY Northeastern",2,107,16260,143.058608058608
"stroke",2015,"NY Northeastern",25,118,16260,157.765567765568
"stroke",2015,"PA Border",2,220,28917,294.139194139194
"stroke",2015,"PA Border",25,263,28917,351.630036630037
"stroke",2015,"PA Mid",2,457,58949,611.007326007326
"stroke",2015,"PA Mid",25,595,58949,795.51282051282
"stroke",2015,"PA Southern",2,525,62370,701.923076923077
"stroke",2015,"PA Southern",25,671,62370,897.124542124542
